,0
0,https://it.wikipedia.org/wiki/Napoli
1,https://it.wikipedia.org/wiki/Societ%C3%A0_Sportiva_Calcio_Napoli
2,https://it.wikipedia.org/wiki/Regno_di_Napoli
3,https://it.wikipedia.org/wiki/Universit%C3%A0_degli_Studi_di_Napoli_Federico_II
4,https://it.wikipedia.org/wiki/Regno_di_Napoli
5,https://it.wikipedia.org/wiki/Napoli_-_New_York
6,https://it.wikipedia.org/wiki/Sovrani_di_Napoli
7,https://it.wikipedia.org/wiki/Napoli_milionaria!
8,https://it.wikipedia.org/wiki/Museo_archeologico_nazionale_di_Napoli
9,https://it.wikipedia.org/wiki/Napoli_velata
10,https://it.wikipedia.org/wiki/Quartieri_di_Napoli
11,https://it.wikipedia.org/wiki/Societ%C3%A0_Sportiva_Calcio_Napoli_2024-2025
12,https://it.wikipedia.org/wiki/Piedone_-_Uno_sbirro_a_Napoli
13,https://it.wikipedia.org/wiki/Duomo_di_Napoli
14,https://it.wikipedia.org/wiki/Storia_di_Napoli
15,https://it.wikipedia.org/wiki/Sindaci_di_Napoli
16,https://it.wikipedia.org/wiki/Philip_Billing
17,https://it.wikipedia.org/wiki/Michael_Folorunsho
18,https://it.wikipedia.org/wiki/Scott_McTominay
19,https://it.wikipedia.org/wiki/Khvicha_K%27varatskhelia
20,https://it.wikipedia.org/wiki/James_Senese
21,https://it.wikipedia.org/wiki/Napoli_contro_tutti
22,https://it.wikipedia.org/wiki/Maurizio_De_Giovanni
23,https://it.wikipedia.org/wiki/Basilica_di_Santa_Chiara_(Napoli)
24,https://it.wikipedia.org/wiki/Festival_di_Napoli
25,https://it.wikipedia.org/wiki/Zeudi_Di_Palma
26,https://it.wikipedia.org/wiki/Societ%C3%A0_Sportiva_Calcio_Napoli
27,https://it.wikipedia.org/wiki/Giovanni_Esposito
28,https://it.wikipedia.org/wiki/Palazzo_Reale_(Napoli)
29,https://it.wikipedia.org/wiki/Simone_Scuffet
30,https://it.wikipedia.org/wiki/Arcidiocesi_di_Napoli
31,https://it.wikipedia.org/wiki/Stazione_di_Napoli_Afragola
32,https://it.wikipedia.org/wiki/Porto_(Napoli)
33,https://it.wikipedia.org/wiki/Aeroporto_di_Napoli-Capodichino
34,https://it.wikipedia.org/wiki/Alex_Meret
35,https://it.wikipedia.org/wiki/Forcella_(Napoli)
36,https://it.wikipedia.org/wiki/Metropolitana_di_Napoli
37,https://it.wikipedia.org/wiki/David_Neres
38,https://it.wikipedia.org/wiki/Rothschild_di_Napoli
39,https://it.wikipedia.org/wiki/Antonio_Ranieri
40,https://it.wikipedia.org/wiki/Banco_di_Napoli
41,https://it.wikipedia.org/wiki/Sottosuolo_di_Napoli
42,https://it.wikipedia.org/wiki/Napoli_Femminile
43,https://it.wikipedia.org/wiki/Autostrada_A1_(Italia)
44,https://it.wikipedia.org/wiki/Giovanna_I_di_Napoli
45,https://it.wikipedia.org/wiki/Arenella_(Napoli)
46,https://it.wikipedia.org/wiki/Marisa_Laurito
47,https://it.wikipedia.org/wiki/Poggioreale_(Napoli)
48,https://it.wikipedia.org/wiki/Caterina_Balivo
49,https://it.wikipedia.org/wiki/Provincia_di_Napoli
50,https://it.wikipedia.org/wiki/Citt%C3%A0_metropolitana_di_Napoli
51,https://it.wikipedia.org/wiki/Lorenzo_Insigne
52,https://it.wikipedia.org/wiki/Capodimonte_(Napoli)
53,https://it.wikipedia.org/wiki/Chiesa_del_Ges%C3%B9_Nuovo
54,https://it.wikipedia.org/wiki/Artemisia_Gentileschi
55,https://it.wikipedia.org/wiki/Decumani_di_Napoli
56,https://it.wikipedia.org/wiki/Alessandro_Siani
57,https://it.wikipedia.org/wiki/Liberty_a_Napoli
58,https://it.wikipedia.org/wiki/Vincenzo_Nemolato
59,https://it.wikipedia.org/wiki/Stella_(Napoli)
60,https://it.wikipedia.org/wiki/Linea_2_(servizio_ferroviario_metropolitano_di_Napoli)
61,https://it.wikipedia.org/wiki/Casalnuovo_di_Napoli
62,https://it.wikipedia.org/wiki/Napoli_Basket_(2016)
63,https://it.wikipedia.org/wiki/Stadio_Diego_Armando_Maradona_(Napoli)
64,https://it.wikipedia.org/wiki/Gelsomina_Verde
65,https://it.wikipedia.org/wiki/Universit%C3%A0_degli_Studi_di_Napoli_Federico_II
66,https://it.wikipedia.org/wiki/Serie_A_2022-2023
67,https://it.wikipedia.org/wiki/Piazza_del_Mercato_(Napoli)
68,https://it.wikipedia.org/wiki/Il_Pagante
69,https://it.wikipedia.org/wiki/Eddy_Napoli
70,https://it.wikipedia.org/wiki/Ferdinando_I_di_Napoli
71,https://it.wikipedia.org/wiki/Societ%C3%A0_Sportiva_Calcio_Napoli
72,https://it.wikipedia.org/wiki/Barra_(Napoli)
73,https://it.wikipedia.org/wiki/Marechiaro_(Napoli)
74,https://it.wikipedia.org/wiki/Pianura_(Napoli)
75,https://it.wikipedia.org/wiki/Statistiche_e_record_della_Societ%C3%A0_Sportiva_Calcio_Napoli
76,https://it.wikipedia.org/wiki/Francesco_Emilio_Borrelli
77,https://it.wikipedia.org/wiki/Aurelio_De_Laurentiis
78,https://it.wikipedia.org/wiki/Napoli_Centrale_(gruppo_musicale)
79,https://it.wikipedia.org/wiki/Raffaele_Palladino
80,https://it.wikipedia.org/wiki/Alessio_Zerbin
81,https://it.wikipedia.org/wiki/Campania
82,https://it.wikipedia.org/wiki/Mario_Merola
83,https://it.wikipedia.org/wiki/Basso_(Napoli)
84,https://it.wikipedia.org/wiki/Giampaolo_Morelli
85,https://it.wikipedia.org/wiki/Fernando_De_Napoli
86,https://it.wikipedia.org/wiki/Salvatore_Bocchetti
87,https://it.wikipedia.org/wiki/Melito_di_Napoli
88,https://it.wikipedia.org/wiki/Francesco_Di_Napoli
89,https://it.wikipedia.org/wiki/Carmine_Recano
90,https://it.wikipedia.org/wiki/Antonio_Folletto
91,https://it.wikipedia.org/wiki/Francesco_Rosi
92,https://it.wikipedia.org/wiki/Broccolo_friariello_di_Napoli
93,https://it.wikipedia.org/wiki/Napoli_Basket_(2016)
94,https://it.wikipedia.org/wiki/Carlo_III_di_Spagna
95,https://it.wikipedia.org/wiki/Giacomo_Leopardi
96,https://it.wikipedia.org/wiki/Alessandro_Preziosi
97,https://it.wikipedia.org/wiki/Chiese_di_Napoli
98,https://it.wikipedia.org/wiki/Cloris_Brosca
99,https://it.wikipedia.org/wiki/Mugnano_di_Napoli
100,https://it.wikipedia.org/wiki/Marano_di_Napoli
101,https://it.wikipedia.org/wiki/Napoli_Futsal
102,https://it.wikipedia.org/wiki/Societ%C3%A0_Sportiva_Calcio_Napoli_e_nazionali_di_calcio
103,https://it.wikipedia.org/wiki/Municipalit%C3%A0_di_Napoli
104,https://it.wikipedia.org/wiki/Bagnoli_(Napoli)
105,https://it.wikipedia.org/wiki/Risanamento_di_Napoli
106,https://it.wikipedia.org/wiki/Tullio_De_Piscopo
107,https://it.wikipedia.org/wiki/Quattro_giornate_di_Napoli
108,https://it.wikipedia.org/wiki/Canta_Napoli
109,https://it.wikipedia.org/wiki/Chiesa_di_San_Vitale_Martire_(Napoli)
110,https://it.wikipedia.org/wiki/Massimiliano_Gallo
111,https://it.wikipedia.org/wiki/Giallo_Napoli
112,https://it.wikipedia.org/wiki/Vasto_(Napoli)
113,https://it.wikipedia.org/wiki/Gigi_D%27Alessio
114,https://it.wikipedia.org/wiki/Parco_Vergiliano_a_Piedigrotta
115,https://it.wikipedia.org/wiki/Societ%C3%A0_Sportiva_Calcio_Napoli_2022-2023
116,https://it.wikipedia.org/wiki/Napoli
117,https://it.wikipedia.org/wiki/Linea_1_(metropolitana_di_Napoli)
118,https://it.wikipedia.org/wiki/Ferrovia_Roma-Formia-Napoli
119,https://it.wikipedia.org/wiki/Casola_di_Napoli
120,https://it.wikipedia.org/wiki/Teatro_di_San_Carlo
121,https://it.wikipedia.org/wiki/Rosa_Russo_Iervolino
122,https://it.wikipedia.org/wiki/Prima_faida_di_Scampia
123,https://it.wikipedia.org/wiki/Vicer%C3%A9_di_Napoli
124,https://it.wikipedia.org/wiki/Andr%C3%A9-Frank_Anguissa
125,"https://it.wikipedia.org/wiki/Napoli,_sole_mio!"
126,https://it.wikipedia.org/wiki/Premio_Napoli
127,https://it.wikipedia.org/wiki/Franco_Del_Prete
128,https://it.wikipedia.org/wiki/Napoli_si_ribella
129,https://it.wikipedia.org/wiki/Luisa_Ranieri
130,https://it.wikipedia.org/wiki/Ducato_di_Napoli
131,https://it.wikipedia.org/wiki/Gonzalo_N%C3%A1poli
132,https://it.wikipedia.org/wiki/Giuseppe_Anatrelli
133,https://it.wikipedia.org/wiki/Societ%C3%A0_Sportiva_Calcio_Napoli_2023-2024
134,https://it.wikipedia.org/wiki/Pino_Daniele
135,https://it.wikipedia.org/wiki/Francesco_Paolantoni
136,https://it.wikipedia.org/wiki/Arturo_Di_Napoli
137,https://it.wikipedia.org/wiki/Napoli_ieri_-_Napoli_oggi_-_Vol._III
138,https://it.wikipedia.org/wiki/Victor_Osimhen
139,https://it.wikipedia.org/wiki/Armata_di_Napoli
140,https://it.wikipedia.org/wiki/Napoli
141,https://it.wikipedia.org/wiki/Un_posto_al_sole_(soap_opera)
142,https://it.wikipedia.org/wiki/Bombardamenti_di_Napoli
143,https://it.wikipedia.org/wiki/Jos%C3%A9_Mar%C3%ADa_Callej%C3%B3n
144,https://it.wikipedia.org/wiki/Pablo_Napoli
145,https://it.wikipedia.org/wiki/Golfo_di_Napoli
146,https://it.wikipedia.org/wiki/Cyril_Ngonge
147,https://it.wikipedia.org/wiki/Vito_Napoli
148,https://it.wikipedia.org/wiki/Societ%C3%A0_Sportiva_Basket_Napoli
149,https://it.wikipedia.org/wiki/Pino_di_Napoli
150,https://it.wikipedia.org/wiki/Clima_di_Napoli
151,https://it.wikipedia.org/wiki/Bruno_Pesaola
152,https://it.wikipedia.org/wiki/Strade_di_Napoli
153,https://it.wikipedia.org/wiki/Calciatori_della_Societ%C3%A0_Sportiva_Calcio_Napoli
154,https://it.wikipedia.org/wiki/Stanislav_Lobotka
155,https://it.wikipedia.org/wiki/Juan_Jesus
156,https://it.wikipedia.org/wiki/Il_ventre_di_Napoli
157,https://it.wikipedia.org/wiki/Arkadiusz_Milik
158,https://it.wikipedia.org/wiki/Vittorio_Emanuele_di_Savoia_(1937)
159,https://it.wikipedia.org/wiki/Mario_Napoli
160,https://it.wikipedia.org/wiki/Napoli_51
161,https://it.wikipedia.org/wiki/Colori_e_simboli_della_Societ%C3%A0_Sportiva_Calcio_Napoli
162,https://it.wikipedia.org/wiki/Napoli_Comicon
163,https://it.wikipedia.org/wiki/Napoli_Trip
164,https://it.wikipedia.org/wiki/CTP_(Napoli)
165,https://it.wikipedia.org/wiki/La_dormiente_di_Napoli
166,https://it.wikipedia.org/wiki/Societ%C3%A0_Sportiva_Calcio_Napoli_2018-2019
167,https://it.wikipedia.org/wiki/Canta_Napoli
168,https://it.wikipedia.org/wiki/Jacopo_Napoli
169,https://it.wikipedia.org/wiki/Carlo_III_di_Napoli
170,https://it.wikipedia.org/wiki/Dario_Acocella
171,https://it.wikipedia.org/wiki/Resti_e_reperti_archeologici_della_metropolitana_di_Napoli
172,https://it.wikipedia.org/wiki/Stazione_di_Napoli_Centrale
173,https://it.wikipedia.org/wiki/Castellammare_di_Stabia
174,https://it.wikipedia.org/wiki/L%27oro_di_Napoli_(film)
175,https://it.wikipedia.org/wiki/Matteo_Politano
176,https://it.wikipedia.org/wiki/Ville_di_Napoli
177,https://it.wikipedia.org/wiki/Gianluca_Gaetano
178,https://it.wikipedia.org/wiki/Giovanni_Simeone
179,https://it.wikipedia.org/wiki/Allenatori_e_presidenti_della_Societ%C3%A0_Sportiva_Calcio_Napoli
180,https://it.wikipedia.org/wiki/Alessandro_Buongiorno
181,https://it.wikipedia.org/wiki/Linea_6_(metropolitana_di_Napoli)
182,https://it.wikipedia.org/wiki/Societ%C3%A0_Sportiva_Calcio_Napoli_2017-2018
183,https://it.wikipedia.org/wiki/Nicol%C3%B2_Napoli
184,https://it.wikipedia.org/wiki/Ladislao_I_di_Napoli
185,https://it.wikipedia.org/wiki/Azienda_Napoletana_Mobilit%C3%A0
186,https://it.wikipedia.org/wiki/Universit%C3%A0_degli_Studi_di_Napoli_%22Parthenope%22
187,https://it.wikipedia.org/wiki/Walter_Mazzarri
188,https://it.wikipedia.org/wiki/Marco_Borriello
189,https://it.wikipedia.org/wiki/La_smorfia
190,https://it.wikipedia.org/wiki/Liberato_(cantante)
191,https://it.wikipedia.org/wiki/Trasmette_Napoli
192,https://it.wikipedia.org/wiki/Valeria_Di_Napoli
193,https://it.wikipedia.org/wiki/Sedili_di_Napoli
194,https://it.wikipedia.org/wiki/Autostrada_A3_(Italia)
195,https://it.wikipedia.org/wiki/Jens_Cajuste
196,https://it.wikipedia.org/wiki/Musei_di_Napoli
197,https://it.wikipedia.org/wiki/Vincenzo_Giordano_Orsini
198,https://it.wikipedia.org/wiki/Napoli_spara!
199,https://it.wikipedia.org/wiki/Chiaia_(metropolitana_di_Napoli)
200,https://it.wikipedia.org/wiki/Io_t%27ho_incontrata_a_Napoli
201,https://it.wikipedia.org/wiki/Centro_direzionale_di_Napoli
202,https://it.wikipedia.org/wiki/Cristo_velato
203,https://it.wikipedia.org/wiki/Buono_di_Napoli
204,https://it.wikipedia.org/wiki/Societ%C3%A0_Sportiva_Calcio_Napoli_2021-2022
205,https://it.wikipedia.org/wiki/Piazza_del_Mercato_(Napoli)
206,https://it.wikipedia.org/wiki/Mario_Cinque
207,https://it.wikipedia.org/wiki/Afragola
208,https://it.wikipedia.org/wiki/Alessandro_Zanoli
209,https://it.wikipedia.org/wiki/La_collera_di_Napoli
210,https://it.wikipedia.org/wiki/Linea_Napoli-Giugliano-Aversa
211,https://it.wikipedia.org/wiki/Gaetano_Manfredi
212,https://it.wikipedia.org/wiki/Fontane_di_Napoli
213,https://it.wikipedia.org/wiki/Ferdinando_II_di_Napoli
214,https://it.wikipedia.org/wiki/Alessandra_Mastronardi
215,https://it.wikipedia.org/wiki/Porte_di_Napoli
216,https://it.wikipedia.org/wiki/Rino_Zurzolo
217,https://it.wikipedia.org/wiki/Asia_(Napoli)
218,https://it.wikipedia.org/wiki/Paolo_Cannavaro
219,https://it.wikipedia.org/wiki/San_Paolo_Bel_Sito
220,https://it.wikipedia.org/wiki/Piazze_di_Napoli
221,https://it.wikipedia.org/wiki/Napoli
222,https://it.wikipedia.org/wiki/Giuseppe_Bonaparte
223,https://it.wikipedia.org/wiki/La_baia_di_Napoli
224,https://it.wikipedia.org/wiki/Borbone_delle_Due_Sicilie
225,https://it.wikipedia.org/wiki/Pietro_Colletta
226,https://it.wikipedia.org/wiki/Chiesa_di_Santa_Maria_la_Nova_(Napoli)
227,https://it.wikipedia.org/wiki/Parco_Virgiliano_(Napoli)
228,https://it.wikipedia.org/wiki/Tifoseria_della_Societ%C3%A0_Sportiva_Calcio_Napoli
229,https://it.wikipedia.org/wiki/Roberto_Insigne
230,https://it.wikipedia.org/wiki/Angelica_Ippolito
231,https://it.wikipedia.org/wiki/Linea_2_(servizio_ferroviario_metropolitano_di_Napoli)
232,https://it.wikipedia.org/wiki/Giovanni_Di_Lorenzo_(calciatore)
233,https://it.wikipedia.org/wiki/Avvocata_(Napoli)
234,https://it.wikipedia.org/wiki/Amir_Rrahmani
235,https://it.wikipedia.org/wiki/Math%C3%ADas_Olivera
236,https://it.wikipedia.org/wiki/Torre_del_Greco
237,https://it.wikipedia.org/wiki/Regno_delle_Due_Sicilie
238,https://it.wikipedia.org/wiki/Universit%C3%A0_degli_Studi_di_Napoli_%22L%27Orientale%22
239,https://it.wikipedia.org/wiki/Napoli_1860_-_La_fine_dei_Borboni
240,https://it.wikipedia.org/wiki/Catacombe_di_Napoli
241,https://it.wikipedia.org/wiki/Scampia
242,https://it.wikipedia.org/wiki/Napoli_Gamecon
243,https://it.wikipedia.org/wiki/Castel_dell%27Ovo
244,https://it.wikipedia.org/wiki/Universit%C3%A0_degli_Studi_della_Campania_Luigi_Vanvitelli
245,https://it.wikipedia.org/wiki/Napoli_magica
246,https://it.wikipedia.org/wiki/Porto_(Napoli)
247,https://it.wikipedia.org/wiki/Traccia_(Napoli)
248,https://it.wikipedia.org/wiki/Billy_Gilmour
249,https://it.wikipedia.org/wiki/Massimo_di_Napoli
250,https://it.wikipedia.org/wiki/Societ%C3%A0_Sportiva_Calcio_Napoli_1986-1987
251,https://it.wikipedia.org/wiki/Mina_Settembre
252,https://it.wikipedia.org/wiki/Maria_Carolina_d%27Asburgo-Lorena
253,https://it.wikipedia.org/wiki/Achille_Lauro
254,https://it.wikipedia.org/wiki/Napoli_violenta
255,https://it.wikipedia.org/wiki/Cristian_Stellini
256,https://it.wikipedia.org/wiki/Catello_Maresca
257,https://it.wikipedia.org/wiki/Teddy_Reno
258,https://it.wikipedia.org/wiki/Fernando_De_Napoli
259,https://it.wikipedia.org/wiki/Vittorio_Pisani_(funzionario)
260,https://it.wikipedia.org/wiki/Portici
261,https://it.wikipedia.org/wiki/Enzo_Paolo_Turchi
262,https://it.wikipedia.org/wiki/Il_giovane_favoloso
263,https://it.wikipedia.org/wiki/Pupella_Maggio
264,https://it.wikipedia.org/wiki/Erri_De_Luca
265,https://it.wikipedia.org/wiki/Societ%C3%A0_Sportiva_Calcio_Napoli_2019-2020
266,https://it.wikipedia.org/wiki/Nikita_Contini
267,https://it.wikipedia.org/wiki/Domenico_Battaglia_(arcivescovo)
268,https://it.wikipedia.org/wiki/Vincenzo_Napoli_(politico)
269,https://it.wikipedia.org/wiki/Giovanna_II_di_Napoli
270,https://it.wikipedia.org/wiki/Bruno_Napoli
271,https://it.wikipedia.org/wiki/Marzio_Honorato
272,https://it.wikipedia.org/wiki/Pozzuoli
273,https://it.wikipedia.org/wiki/Repubblica_Napoletana_(1799)
274,https://it.wikipedia.org/wiki/Eduardo_De_Crescenzo
275,https://it.wikipedia.org/wiki/Giacomo_del_P%C3%B2
276,https://it.wikipedia.org/wiki/Alfonso_V_d%27Aragona
277,https://it.wikipedia.org/wiki/Ferrovia_Roma-Cassino-Napoli
278,https://it.wikipedia.org/wiki/Luigi_de_Magistris
279,https://it.wikipedia.org/wiki/Centro_Direzionale_(metropolitana_di_Napoli)
280,https://it.wikipedia.org/wiki/Giovanni_Paisiello
281,https://it.wikipedia.org/wiki/Serena_Autieri
282,https://it.wikipedia.org/wiki/Luca_Giordano
283,https://it.wikipedia.org/wiki/Enzo_Cannavale
284,https://it.wikipedia.org/wiki/Isola_di_Capri
285,https://it.wikipedia.org/wiki/Derby_Napoli-Salernitana
286,https://it.wikipedia.org/wiki/Joe_Amoruso
287,https://it.wikipedia.org/wiki/Marco_Mario_de_Notaris
288,https://it.wikipedia.org/wiki/Geg%C3%A8_Di_Giacomo
289,https://it.wikipedia.org/wiki/Maria_Teresa_di_Borbone-Due_Sicilie_(1772-1807)
290,https://it.wikipedia.org/wiki/Piazza_del_Plebiscito
291,https://it.wikipedia.org/wiki/Toledo_(metropolitana_di_Napoli)
292,https://it.wikipedia.org/wiki/Societ%C3%A0_Sportiva_Calcio_Napoli_2020-2021
293,https://it.wikipedia.org/wiki/Gigi_Reder
294,https://it.wikipedia.org/wiki/Madonnelle_(Napoli)
295,https://it.wikipedia.org/wiki/Susy_Del_Giudice
296,https://it.wikipedia.org/wiki/Vomero
297,https://it.wikipedia.org/wiki/Attilio_Di_Napoli
298,https://it.wikipedia.org/wiki/Fabio_Fulco
299,https://it.wikipedia.org/wiki/Castel_Sant%27Elmo
300,https://it.wikipedia.org/wiki/Giacomo_Raspadori
301,https://it.wikipedia.org/wiki/Da_Napoli_con_amore
302,https://it.wikipedia.org/wiki/Ferrovia_Napoli-Portici
303,https://it.wikipedia.org/wiki/Vico_Equense
304,https://it.wikipedia.org/wiki/Angela_Napoli
305,https://it.wikipedia.org/wiki/Mario_Martone
306,https://it.wikipedia.org/wiki/Napoli_che_non_muore
307,https://it.wikipedia.org/wiki/Luch%C3%A8
308,https://it.wikipedia.org/wiki/Mario_Da_Vinci
309,https://it.wikipedia.org/wiki/Napoli_milionaria_(film)
310,https://it.wikipedia.org/wiki/Nicola_Gratteri
311,https://it.wikipedia.org/wiki/Gregorio_Napoli
312,https://it.wikipedia.org/wiki/Il_Giornale_di_Napoli
313,https://it.wikipedia.org/wiki/Grattacieli_di_Napoli
314,https://it.wikipedia.org/wiki/Carlo_Poerio
315,https://it.wikipedia.org/wiki/Camaldoli_(Napoli)
316,https://it.wikipedia.org/wiki/Mario_Scarpetta
317,https://it.wikipedia.org/wiki/Lina_Sastri
318,https://it.wikipedia.org/wiki/Enrico_Varriale
319,https://it.wikipedia.org/wiki/Bonello_di_Napoli
320,https://it.wikipedia.org/wiki/Crescenzio_Sepe
321,https://it.wikipedia.org/wiki/Mura_di_Napoli
322,https://it.wikipedia.org/wiki/Osvaldo_Napoli
323,https://it.wikipedia.org/wiki/Rete_tranviaria_di_Napoli
324,https://it.wikipedia.org/wiki/Napoli_%2744
325,https://it.wikipedia.org/wiki/Gregorio_IV_di_Napoli
326,https://it.wikipedia.org/wiki/Licignano_di_Napoli
327,https://it.wikipedia.org/wiki/Provincia_di_Avellino
328,https://it.wikipedia.org/wiki/Teatro_di_San_Carlo
329,https://it.wikipedia.org/wiki/Renato_d%27Angi%C3%B2
330,https://it.wikipedia.org/wiki/Il_Risorgimento_(Napoli)
331,https://it.wikipedia.org/wiki/Filippo_Caracciolo
332,https://it.wikipedia.org/wiki/Ventaglieri_(Napoli)
333,https://it.wikipedia.org/wiki/Jesper_Lindstr%C3%B8m
334,https://it.wikipedia.org/wiki/Basilica_reale_pontificia_di_San_Francesco_di_Paola
335,https://it.wikipedia.org/wiki/Francesco_I_delle_Due_Sicilie
336,https://it.wikipedia.org/wiki/Ferdinando_I%C2%BA_re_di_Napoli
337,https://it.wikipedia.org/wiki/Attentato_di_Napoli
338,https://it.wikipedia.org/wiki/Societ%C3%A0_Sportiva_Calcio_Napoli_1991-1992
339,https://it.wikipedia.org/wiki/Gennaro_Sangiuliano
340,https://it.wikipedia.org/wiki/Storia_della_Societ%C3%A0_Sportiva_Calcio_Napoli
341,https://it.wikipedia.org/wiki/Francesco_II_delle_Due_Sicilie
342,https://it.wikipedia.org/wiki/Lingua_napoletana
343,https://it.wikipedia.org/wiki/Emanuele_Giaccherini
344,https://it.wikipedia.org/wiki/Francesco_Fontana_(scienziato)
345,https://it.wikipedia.org/wiki/Caracciolo
346,https://it.wikipedia.org/wiki/Il_mare_non_bagna_Napoli
347,https://it.wikipedia.org/wiki/Villa_Di_Napoli
348,https://it.wikipedia.org/wiki/Via_San_Gregorio_Armeno
349,https://it.wikipedia.org/wiki/Francesco_Cicchella
350,https://it.wikipedia.org/wiki/Rame_di_Napoli
351,https://it.wikipedia.org/wiki/Marco_Baroni_(allenatore)
352,https://it.wikipedia.org/wiki/Societ%C3%A0_Sportiva_Calcio_Napoli_1989-1990
353,https://it.wikipedia.org/wiki/Ferrovia_Napoli-Foggia
354,https://it.wikipedia.org/wiki/Fatima_Trotta
355,https://it.wikipedia.org/wiki/Metropolitana_in_Italia
356,https://it.wikipedia.org/wiki/Quartieri_Spagnoli
357,https://it.wikipedia.org/wiki/Peppino_De_Filippo
358,https://it.wikipedia.org/wiki/Regno_di_Napoli_(1806-1815)
359,https://it.wikipedia.org/wiki/Giancarlo_Siani
360,https://it.wikipedia.org/wiki/Giuseppe_Sanmartino
361,https://it.wikipedia.org/wiki/Chiostri_di_Napoli
362,https://it.wikipedia.org/wiki/Leonardo_Spinazzola
363,https://it.wikipedia.org/wiki/Danilo_D%27Ambrosio
364,https://it.wikipedia.org/wiki/Pasquale_Mazzocchi
365,https://it.wikipedia.org/wiki/Battaglia_del_golfo_di_Napoli
366,https://it.wikipedia.org/wiki/Gonzalo_Higua%C3%ADn
367,https://it.wikipedia.org/wiki/Soccavo
368,https://it.wikipedia.org/wiki/Ugo_D%27Alessio
369,https://it.wikipedia.org/wiki/Luciano_Moggi
370,https://it.wikipedia.org/wiki/Ernesto_Murolo
371,https://it.wikipedia.org/wiki/Maria_Jos%C3%A9_del_Belgio
372,https://it.wikipedia.org/wiki/Caso_Napoli
373,https://it.wikipedia.org/wiki/Carlo_II_di_Napoli
374,https://it.wikipedia.org/wiki/Alfonso_II_di_Napoli
375,https://it.wikipedia.org/wiki/Viola_Ardone
376,https://it.wikipedia.org/wiki/Napoli_24
377,https://it.wikipedia.org/wiki/Clan_Mazzarella
378,https://it.wikipedia.org/wiki/Mario_Musella
379,https://it.wikipedia.org/wiki/Giuditta_che_decapita_Oloferne_(Artemisia_Gentileschi_Napoli)
380,https://it.wikipedia.org/wiki/Supercoppa_italiana
381,https://it.wikipedia.org/wiki/Area_metropolitana_di_Napoli
382,https://it.wikipedia.org/wiki/Tutta_n%27ata_storia_-_Vai_mo%27_-_Live_in_Napoli
383,https://it.wikipedia.org/wiki/Moti_del_1820-1821
384,https://it.wikipedia.org/wiki/Walter_Ricciardi
385,https://it.wikipedia.org/wiki/Leopoldo_Mastelloni
386,https://it.wikipedia.org/wiki/Cappella_Sansevero
387,https://it.wikipedia.org/wiki/Ferdinando_II_d%27Aragona
388,https://it.wikipedia.org/wiki/Marek_Ham%C5%A1%C3%ADk
389,https://it.wikipedia.org/wiki/Angela_Luce
390,https://it.wikipedia.org/wiki/Walid_Cheddira
391,https://it.wikipedia.org/wiki/Napoli_Volley
392,https://it.wikipedia.org/wiki/Societ%C3%A0_Sportiva_Calcio_Napoli_1990-1991
393,https://it.wikipedia.org/wiki/Societ%C3%A0_Sportiva_Calcio_Napoli_2016-2017
394,https://it.wikipedia.org/wiki/Stazione_zoologica_Anton_Dohrn
395,https://it.wikipedia.org/wiki/Chiesa_di_Sant%27Eligio_Maggiore
396,https://it.wikipedia.org/wiki/Salvatore_Esposito_(attore)
397,https://it.wikipedia.org/wiki/Vele_di_Scampia
398,https://it.wikipedia.org/wiki/Sergio_I_di_Napoli
399,https://it.wikipedia.org/wiki/Roberto_Murolo
400,https://it.wikipedia.org/wiki/Armando_Izzo_(calciatore)
401,https://it.wikipedia.org/wiki/Zosimo_di_Napoli
402,https://it.wikipedia.org/wiki/Personaggi_di_Un_posto_al_sole
403,https://it.wikipedia.org/wiki/Napoli_Soccer_2004-2005
404,https://it.wikipedia.org/wiki/Domini_spagnoli_in_Italia
405,https://it.wikipedia.org/wiki/Agnello_di_Napoli
406,https://it.wikipedia.org/wiki/Quattro_giornate_di_Napoli
407,https://it.wikipedia.org/wiki/Vincenzo_Napoli_(politico)
408,https://it.wikipedia.org/wiki/Poggiomarino
409,https://it.wikipedia.org/wiki/Il_sindaco_del_rione_Sanit%C3%A0
410,https://it.wikipedia.org/wiki/Societ%C3%A0_Sportiva_Calcio_Napoli_2000-2001
411,https://it.wikipedia.org/wiki/Societ%C3%A0_Sportiva_Calcio_Napoli_1984-1985
412,https://it.wikipedia.org/wiki/Mergellina
413,https://it.wikipedia.org/wiki/Montesanto_(Napoli)
414,https://it.wikipedia.org/wiki/Giuseppe_Moscati
415,https://it.wikipedia.org/wiki/Maschio_Angioino
416,https://it.wikipedia.org/wiki/Aniello_Cutolo
417,https://it.wikipedia.org/wiki/Calvizzano
418,https://it.wikipedia.org/wiki/Societ%C3%A0_Sportiva_Calcio_Napoli_2015-2016
419,https://it.wikipedia.org/wiki/Linea_10_(metropolitana_di_Napoli)
420,https://it.wikipedia.org/wiki/Agostino_Salvietti
421,https://it.wikipedia.org/wiki/Edoardo_De_Angelis_(regista)
422,https://it.wikipedia.org/wiki/Antonio_Juliano
423,https://it.wikipedia.org/wiki/Autostrada_A16_(Italia)
424,https://it.wikipedia.org/wiki/Ernesto_de_Martino
425,https://it.wikipedia.org/wiki/Paolo_Di_Lauro
426,https://it.wikipedia.org/wiki/Domenico_Santoro_(attore)
427,https://it.wikipedia.org/wiki/Galleria_Umberto_I
428,https://it.wikipedia.org/wiki/Monte_di_Procida
429,https://it.wikipedia.org/wiki/Enzo_Turco
430,https://it.wikipedia.org/wiki/Natan_Bernardo_de_Souza
431,https://it.wikipedia.org/wiki/Arturo_Labriola
432,https://it.wikipedia.org/wiki/Strage_di_via_Caravaggio
433,https://it.wikipedia.org/wiki/Lello_Arena
434,https://it.wikipedia.org/wiki/Vittorio_Gleijeses
435,https://it.wikipedia.org/wiki/Centro_storico_di_Napoli
436,https://it.wikipedia.org/wiki/Chiesa_della_Santissima_Annunziata_a_Fonseca
437,https://it.wikipedia.org/wiki/Tangenziale_di_Napoli_(azienda)
438,https://it.wikipedia.org/wiki/Tommaso_Napoli
439,https://it.wikipedia.org/wiki/Pollena_Trocchia
440,https://it.wikipedia.org/wiki/Napoli_Basket_(1978)
441,https://it.wikipedia.org/wiki/Ponticelli
442,https://it.wikipedia.org/wiki/Denise_Capezza
443,https://it.wikipedia.org/wiki/Enrico_Caruso
444,https://it.wikipedia.org/wiki/Antonio_Bocchetti
445,https://it.wikipedia.org/wiki/Passante_ferroviario_di_Napoli
446,https://it.wikipedia.org/wiki/Clan_Giuliano
447,https://it.wikipedia.org/wiki/Gennaro_Tutino
448,https://it.wikipedia.org/wiki/Duchi_di_Napoli
449,https://it.wikipedia.org/wiki/Sette_opere_di_Misericordia
450,https://it.wikipedia.org/wiki/Cristiano_Giuntoli
451,https://it.wikipedia.org/wiki/Trasporti_a_Napoli
452,https://it.wikipedia.org/wiki/Fuorigrotta
453,https://it.wikipedia.org/wiki/Nunzio_Gallo
454,https://it.wikipedia.org/wiki/Pepe_Reina
455,https://it.wikipedia.org/wiki/Massimiliano_Rossi
456,https://it.wikipedia.org/wiki/Posillipo
457,https://it.wikipedia.org/wiki/Carolina_Bonaparte
458,https://it.wikipedia.org/wiki/Napoli_Eden
459,https://it.wikipedia.org/wiki/Aniello_Falcone
460,https://it.wikipedia.org/wiki/Lo_scugnizzo_di_Napoli
461,https://it.wikipedia.org/wiki/Il_sindaco_del_rione_Sanit%C3%A0
462,https://it.wikipedia.org/wiki/Antonio_Floro_Flores
463,https://it.wikipedia.org/wiki/Miano
464,https://it.wikipedia.org/wiki/Francesco_Clemente
465,https://it.wikipedia.org/wiki/Michele_Cossato
466,https://it.wikipedia.org/wiki/Renato_Caccioppoli
467,https://it.wikipedia.org/wiki/Clan_Sarno
468,https://it.wikipedia.org/wiki/Vincenzo_De_Luca
469,https://it.wikipedia.org/wiki/Mike_Napoli
470,https://it.wikipedia.org/wiki/Santi_patroni_della_citt%C3%A0_di_Napoli
471,https://it.wikipedia.org/wiki/Basilio_di_Napoli
472,https://it.wikipedia.org/wiki/Roberto_d%27Angi%C3%B2
473,https://it.wikipedia.org/wiki/Ferrovia_Cumana
474,https://it.wikipedia.org/wiki/Maurizio_Sarri
475,https://it.wikipedia.org/wiki/Napoli_(balletto)
476,https://it.wikipedia.org/wiki/Eduardo_Scarpetta
477,https://it.wikipedia.org/wiki/Dolores_Palumbo
478,https://it.wikipedia.org/wiki/Quarto_(Italia)
479,https://it.wikipedia.org/wiki/Vincenzo_De_Crescenzo
480,https://it.wikipedia.org/wiki/Societ%C3%A0_Sportiva_Calcio_Napoli_2012-2013
481,https://it.wikipedia.org/wiki/Fabio_Balsamo
482,https://it.wikipedia.org/wiki/Cinema_a_Napoli
483,https://it.wikipedia.org/wiki/Marianella
484,https://it.wikipedia.org/wiki/Frullone_(Napoli)
485,https://it.wikipedia.org/wiki/Napoli_nobilissima
486,https://it.wikipedia.org/wiki/Filippo_V_di_Spagna
487,https://it.wikipedia.org/wiki/I_milanesi_a_Napoli
488,https://it.wikipedia.org/wiki/Livio_Cori
489,https://it.wikipedia.org/wiki/Terzigno
490,https://it.wikipedia.org/wiki/Napoli_Tiv%C3%B9
491,https://it.wikipedia.org/wiki/Napoli_Centrale_(album)
492,https://it.wikipedia.org/wiki/Aspreno_di_Napoli
493,https://it.wikipedia.org/wiki/Davide_Marotta
494,https://it.wikipedia.org/wiki/Antonio_Casagrande
495,https://it.wikipedia.org/wiki/Nel_corpo_di_Napoli
